Customer_ID,First_name,Last_name,Street_number,Street_name,City,Province,Postal_code,Phone_number,Email
1,Austin,Morrow,3161,Reyes Lock,Prince George,BC,Y2N 4T5,236 490 2875,wilsonsophia@example.org
2,Cathy,Welch,810,Jackson Forest,Richmond,BC,H7L 6T6,778 227 6744,tammie08@example.com
3,Marcus,Fernandez,9806,Kevin Prairie,Campbell River,BC,X5X 9Y5,778 522 7484,megan60@example.org
4,Kristina,Riley,95940,Frazier Curve,Vancouver,BC,X1A 8H8,778 900 4668,ilee@example.net
5,Natasha,Rivera,29333,Salinas Mountain,Nanaimo,BC,B8P 3G6,778 774 5333,ambergarcia@example.org
6,Sharon,Horton,132,Robinson Gateway,Delta,BC,P9X 5Y1,778 789 4957,katherine62@example.com
7,Joshua,Taylor,11544,Holland Passage,Vancouver,BC,A7G 2M1,778 133 1254,priceamanda@example.org
8,Troy,Wright,7973,Shelby Roads,Vancouver,BC,E1M 8R4,778 960 9502,tjackson@example.org
9,John,Thompson,404,Glass Cove,Port Coquitlam,BC,C6T 7Y4,236 425 6490,james14@example.com
10,Michael,Johnson,90431,Allison Mews,Richmond,BC,S6T 7T5,236 540 4962,zwoodard@example.net
11,Kelsey,Harris,32094,Richard Villages,Kamloops,BC,J9C 8A1,778 297 7444,avilaomar@example.net
12,Terrence,Richmond,273,Joseph Loaf,Port Coquitlam,BC,Y5K 7C5,236 539 3111,matthewjohnson@example.net
13,Jessica,Young,3969,York Stravenue,White Rock,BC,T3V 4J8,778 845 3846,jonathanstephenson@example.net
14,Jennifer,Munoz,133,Kevin Avenue,Kelowna,BC,C5X 7R1,778 629 3595,randy27@example.com
15,Sandra,Johnson,6958,Patrick Walks,Kelowna,BC,E4J 9L2,604 827 3069,kathycastro@example.org
16,Jacob,Hancock,19747,Williams Street,Nanaimo,BC,B5M 2G5,236 690 7422,heatherbutler@example.com
17,Eric,Jones,0464,Anthony Stravenue,Port Coquitlam,BC,T8H 7M7,236 366 3605,nixonmichael@example.net
18,Jeffery,Pittman,783,Campbell Lane,White Rock,BC,K8V 3V5,604 195 2528,patriciajackson@example.net
19,Larry,Holt,87612,Ronald Coves,Vancouver,BC,L8Y 5T9,604 743 3507,aguilarheather@example.org
20,Richard,Arnold,75610,Durham Points,Vancouver,BC,V6J 9G7,236 656 2290,abigail06@example.org
21,Joshua,Jones,5693,Stafford Cliff,Kamloops,BC,A2N 6L3,604 860 3138,danielwalter@example.com
22,Steven,Webb,69620,Elizabeth Fields,Campbell River,BC,G7V 6A4,236 746 6867,clarkthomas@example.net
23,Mark,Hughes,35435,Francisco Brook,Richmond,BC,P4Y 9S6,236 327 5864,devin05@example.org
24,Brian,Carey,06660,Hawkins Cape,Richmond,BC,H9L 2J6,604 843 7194,frankarroyo@example.com
25,Brian,Rodriguez,8660,Lisa Rest,Prince George,BC,X9C 7L6,236 152 5505,ldalton@example.net
26,Melissa,Serrano,8154,Tammy Unions,Surrey,BC,C9N 4K4,604 742 1379,oprice@example.com
27,Justin,Gonzalez,4303,Day Meadows,Chilliwack,BC,Y7L 7N2,236 987 2694,saunderssarah@example.com
28,Anna,Jones,0964,Mitchell Pass,Burnaby,BC,S2S 8A9,236 225 2754,ericadean@example.org
29,Michelle,Mitchell,730,Carter Plains,Burnaby,BC,G3T 8V4,778 284 2520,rodriguezbriana@example.net
30,Ronald,Tyler,465,Daniel Highway,Surrey,BC,R9N 9Y5,778 958 4407,leahhenderson@example.com
31,Margaret,Kirby,806,Rodriguez Hollow,Abbotsford,BC,T8P 4P9,778 914 1359,petersonroger@example.com
32,Belinda,Larson,2815,Miller Run,Kelowna,BC,G8K 7H4,778 740 2250,longcrystal@example.net
33,Justin,Guzman,97687,Richardson Lodge,Coquitlam,BC,V2E 8Y6,778 484 6137,josephcarpenter@example.org
34,Valerie,Andrews,975,Christopher Oval,Chilliwack,BC,S5J 1M7,778 927 3639,hernandezaustin@example.org
35,Olivia,Li,69696,Martin Trail,Richmond,BC,X3K 3J7,604 282 1515,theresagonzalez@example.net
36,Robert,Black,3698,Karen Cape,Burnaby,BC,S8V 3Y7,778 455 8928,xmartinez@example.com
37,Brenda,Little,701,Christine Plains,Campbell River,BC,L2P 7M5,236 659 1082,rjohnson@example.org
38,Michael,Smith,652,Conway Causeway,Richmond,BC,L8N 9P7,236 360 2992,christine22@example.org
39,Michelle,Bray,65977,May Hills,Richmond,BC,G9B 1C4,604 648 1377,sierra06@example.net
40,Sarah,Mcdonald,17046,Warren Mountains,Nanaimo,BC,Y7E 3V2,604 321 6978,sosatimothy@example.org
41,Joe,Baker,583,Drake Rapids,Burnaby,BC,E6S 9S2,604 130 6366,robertrussell@example.org
42,Gary,Moyer,86102,John Brooks,Burnaby,BC,A5R 8K9,604 845 3073,patriciamoreno@example.org
43,Heather,Sanders,824,Turner Streets,Langley,BC,M5J 5M2,778 304 2506,ycarson@example.com
44,Melanie,Davis,621,George Freeway,Delta,BC,P8A 7E2,236 767 5822,gallagherdennis@example.org
45,Philip,York,087,Nicholas Mountains,Victoria,BC,N4C 9E9,778 546 9399,sarahbrown@example.org
46,Joseph,Sims,67291,Alec Curve,White Rock,BC,C1Y 6P3,604 356 3833,fperez@example.net
47,Samuel,Long,7224,Eric Loaf,Richmond,BC,A5K 2X1,236 387 7436,crosbyashley@example.net
48,Veronica,Fuller,22492,Scott Walks,Burnaby,BC,A2R 6S3,236 419 3714,dennisliu@example.com
49,Margaret,Haynes,8618,Kaitlyn Points,Prince George,BC,P5N 4E3,236 599 8101,popejeanette@example.org
50,Joshua,Bennett,51820,Andrea Crescent,West Vancouver,BC,X8A 2X4,778 710 5451,jeffrey84@example.com
51,Michelle,Hernandez,2057,Julie Meadows,Port Coquitlam,BC,P8H 1N8,236 210 7275,kristinemendoza@example.net
52,Julia,Moore,46998,Peggy Village,Kelowna,BC,T4G 8C1,236 461 7126,jacquelineramsey@example.com
53,Tracy,Hughes,727,Edward Street,West Vancouver,BC,C7B 3H2,604 560 3740,nicholsalexander@example.org
54,Mary,Smith,143,Mary Freeway,West Vancouver,BC,C2N 2K9,236 359 7714,jerryolson@example.org
55,Christopher,Chapman,98872,Spears Cliffs,Langley,BC,B4M 9G8,236 643 6771,bgordon@example.net
56,Briana,Smith,7964,Jennifer Wells,Abbotsford,BC,B6T 3X6,604 284 6286,megantate@example.net
57,Vanessa,Lopez,541,David Stravenue,Kelowna,BC,L6L 2Y6,604 466 5019,juan23@example.org
58,Jorge,Williams,8855,Albert Pine,Surrey,BC,E1T 9E8,236 480 7094,amanda31@example.com
59,Carolyn,Welch,964,Wolfe Points,Burnaby,BC,G8N 8L8,778 225 1157,joel88@example.org
60,Julie,Bauer,353,Joshua Pine,Delta,BC,E7A 3E2,604 834 6388,sscott@example.com
61,Beverly,Andersen,68151,Roberts Crescent,Coquitlam,BC,V5B 6L2,236 914 6268,kroberts@example.org
62,John,Johnson,619,Danny Shoal,West Vancouver,BC,X6M 3H5,236 167 7317,dbridges@example.org
63,Carol,Brown,473,Kaylee Neck,Langley,BC,J9N 4Y3,604 639 4562,tamara59@example.net
64,Marcia,Ward,33316,Solomon Flat,Burnaby,BC,K7H 4L6,778 833 2225,david97@example.net
65,Zachary,Lee,7720,Hall Port,Kamloops,BC,E9X 5X3,236 531 8130,vsingleton@example.com
66,Jennifer,Coleman,4553,Abigail Brook,Delta,BC,L7V 5S6,778 302 4229,sarah40@example.com
67,Phillip,Moses,425,Evan Field,Vancouver,BC,K1A 2Y2,778 610 1766,pthompson@example.org
68,Ashley,Acosta,020,Lisa Meadow,Campbell River,BC,T9H 7J2,778 222 3033,egross@example.net
69,Lori,Jones,36406,Bautista Bypass,Victoria,BC,C1X 5M8,236 434 7272,callen@example.org
70,Lindsey,Hunt,497,Brown Fork,Coquitlam,BC,H6X 7N4,604 391 1292,robertpetersen@example.net
71,Adam,Li,35217,Yvonne Coves,Chilliwack,BC,Y2H 4Y1,236 104 8565,charles27@example.org
72,Cheryl,Bell,814,Murillo Road,Langley,BC,B3N 4R4,778 137 9740,garzastephen@example.net
73,Robin,Levy,8854,Jose Row,White Rock,BC,L3N 6X5,604 445 1266,efranco@example.org
74,John,Giles,30471,Contreras Valleys,Surrey,BC,K6M 4H1,604 949 7800,stoutcynthia@example.net
75,Linda,Watkins,01129,Anderson Oval,New Westminster,BC,Y2V 5M7,778 424 6665,robert63@example.com
76,Bradley,Johnson,3737,Miller Freeway,Kelowna,BC,K5N 7P3,236 893 6131,edwinnichols@example.net
77,Kevin,Hines,6009,Parker Trail,Victoria,BC,C2G 4R6,604 502 5889,woodkenneth@example.net
78,Kristie,Wood,0048,Rogers Avenue,Maple Ridge,BC,R5P 6L7,778 605 2989,xrosario@example.com
79,Ross,Humphrey,23400,Kari Islands,Port Coquitlam,BC,H1A 2M6,236 205 1479,webbfrederick@example.net
80,Lisa,Jackson,21722,Brittany Forges,Coquitlam,BC,H9H 3A5,604 242 2722,nunezamy@example.com
81,Steven,Luna,3413,Hernandez Canyon,Campbell River,BC,K2N 4V7,236 841 8138,masonsteven@example.net
82,Tyler,Browning,535,Manuel Island,Coquitlam,BC,N2N 6N5,604 295 7043,montesjohn@example.org
83,Keith,Kelley,43088,Hansen Lodge,Port Coquitlam,BC,S5L 5E3,236 105 1860,julie09@example.net
84,Patrick,Lee,5790,Mark Knolls,Langley,BC,X7Y 4A6,604 213 1786,martin50@example.net
85,Malik,Mccarthy,296,Allen Cape,White Rock,BC,V1S 9X6,604 370 6395,ukelley@example.org
86,Michael,Holloway,44027,Cox Roads,Maple Ridge,BC,B3E 6L1,778 376 3790,crystalpatterson@example.org
87,Oscar,Walker,21104,Evans Ports,White Rock,BC,M7R 6A4,236 571 2964,cynthia30@example.net
88,Rodney,Camacho,49166,Nathaniel Islands,Burnaby,BC,T5J 6B6,604 871 7771,james23@example.org
89,Christopher,Archer,12108,David Canyon,Chilliwack,BC,Y4V 9V1,236 225 9548,valentinejoy@example.net
90,Carolyn,Underwood,96870,Atkins Meadows,Nanaimo,BC,J7J 6C1,236 589 9029,jeffreypatel@example.net
91,Hector,Taylor,9014,Michael Flats,Campbell River,BC,L9R 5X8,778 891 8908,zacharycampbell@example.net
92,Leslie,Lewis,2580,Lori Junction,Coquitlam,BC,P7X 3M1,778 884 5853,harrismary@example.org
93,Francisco,Rodriguez,926,Brown Creek,New Westminster,BC,K6X 6P6,778 671 4971,brandon18@example.org
94,Margaret,Randolph,6142,Moody Dam,Maple Ridge,BC,M8K 8S1,236 976 4373,crystal11@example.org
95,Walter,Brown,64913,Douglas Neck,Maple Ridge,BC,X5P 3R6,604 606 1987,travisgarner@example.org
96,Scott,Webster,05372,Ortiz Lights,Coquitlam,BC,J5V 4J5,236 321 8670,williamsonanthony@example.org
97,Sandra,Jackson,01277,Conner Loaf,Port Coquitlam,BC,G8P 9P8,604 599 2712,kenneth12@example.net
98,Wesley,Mason,17274,Christian Station,Delta,BC,B9M 2V4,236 879 9644,bcastillo@example.org
99,Crystal,Warren,9899,Cynthia Lights,Nanaimo,BC,X5G 2T5,778 878 6108,deanna50@example.net
100,Steven,Russo,30987,Jeffrey Passage,New Westminster,BC,L6H 3Y8,236 257 9265,cartersean@example.net
101,Jesse,Torres,6346,Castillo Port,Burnaby,BC,N2E 2K1,604 324 6957,rushnathan@example.org
102,Jennifer,Irwin,815,Pace Place,Abbotsford,BC,H9J 9S7,778 988 9412,qjohnson@example.net
103,Tiffany,Hall,51139,Page Extensions,Coquitlam,BC,L8M 1P4,778 292 2124,harrisonamy@example.org
104,Brian,Whitaker,32470,Lopez Pass,Langley,BC,M3C 4L8,604 802 6032,samuel45@example.net
105,Joshua,Guerra,1733,Carlos Junction,Campbell River,BC,X6T 8R9,236 763 2672,mullennathan@example.net
106,Charles,Myers,5172,King Club,Burnaby,BC,S8B 2E5,604 862 2805,kpruitt@example.org
107,Lisa,Martinez,453,Anne Squares,Coquitlam,BC,C5R 2M9,778 291 5370,caseyjoseph@example.org
108,Anthony,Nguyen,80942,Kimberly Wells,Vancouver,BC,R8E 9B7,236 643 8416,joanna13@example.org
109,Daniel,Wilkerson,87815,Odonnell Square,Abbotsford,BC,S7V 6C7,604 663 2377,kwilliams@example.net
110,Rachel,Jordan,851,Pierce Brooks,Abbotsford,BC,Y9P 6G8,604 254 7503,lindsey15@example.com
111,Sarah,Miller,0689,Davis Plains,Nanaimo,BC,C9R 8V4,236 441 1870,william08@example.com
112,Darryl,King,6757,Heather Light,Kelowna,BC,M4A 2G4,778 200 1805,tamara68@example.org
113,Chloe,Maxwell,9957,Tammy Via,Chilliwack,BC,T2A 7B9,236 532 4177,michael22@example.net
114,Joseph,Mccoy,23878,Bradley Plain,Langley,BC,M1T 5R1,778 280 5520,lbaxter@example.net
115,Robin,Thomas,225,Harris Meadow,Nanaimo,BC,E6A 4Y3,778 631 8103,zanderson@example.org
116,Laura,Williams,7549,Michael Ports,Burnaby,BC,J8A 6K4,604 761 5078,xrowe@example.net
117,Rachael,Vaughan,830,Castro Dam,Campbell River,BC,X1E 5T7,604 217 1870,thernandez@example.org
118,Sean,Harvey,91637,Austin Throughway,West Vancouver,BC,G9A 9H9,236 372 4911,veronicalane@example.net
119,Samantha,Hogan,87701,Contreras Summit,Surrey,BC,H4L 2M1,604 382 4710,christinerobinson@example.org
120,Cody,Woodard,7400,Yolanda Junctions,West Vancouver,BC,G9V 4A2,236 833 7628,raymondbruce@example.com
121,Jacob,Melendez,48830,Francis Inlet,Abbotsford,BC,A8Y 6G9,604 325 5395,jstone@example.org
122,Brooke,Snyder,846,Green Drives,Victoria,BC,J7H 5Y3,604 904 4335,alan64@example.com
123,Clayton,Horton,742,Cox Viaduct,Delta,BC,B2S 3S5,778 822 5718,anthony16@example.net
124,Benjamin,Garcia,418,Craig Lodge,New Westminster,BC,T2R 1H7,604 289 9245,rileywhite@example.com
125,Ann,Harrison,020,Lee Tunnel,White Rock,BC,C5B 5G4,236 588 6002,brendaburgess@example.com
126,Adam,Cooper,8642,Mcgee Station,West Vancouver,BC,H3L 8T4,236 344 3789,warrenangela@example.com
127,Benjamin,Rocha,4620,Scott Heights,Delta,BC,V7C 8C4,604 270 4069,holly14@example.org
128,Stephanie,Garcia,78136,Nicholson Ranch,Delta,BC,A4V 9B4,778 245 1208,gerald13@example.net
129,Joseph,Evans,64922,Leonard Mills,Maple Ridge,BC,S1M 5B9,778 442 1341,lynn41@example.com
130,Jeffrey,Campbell,564,Rangel Forge,Richmond,BC,C2X 3B1,778 178 3797,wclark@example.com
131,Michael,Lane,794,Stewart Lodge,Maple Ridge,BC,P7S 7L8,604 708 6769,csanders@example.com
132,Tamara,Klein,48169,Blankenship Forest,Campbell River,BC,M2G 7H5,236 101 9000,james24@example.net
133,Whitney,Vazquez,14610,Justin Passage,West Vancouver,BC,N6B 9B2,778 212 1740,robertojones@example.com
134,Richard,Brown,183,Gutierrez Ford,Port Coquitlam,BC,B8B 9N4,236 796 5762,christopher80@example.com
135,Michael,Schmitt,503,Nelson Landing,Port Coquitlam,BC,J1S 3L5,236 615 3741,tanyahernandez@example.org
136,Elizabeth,Hoffman,503,Dustin Throughway,Prince George,BC,P6N 3P5,604 202 5990,lawsonscott@example.com
137,Peter,Morris,60181,Debbie Trafficway,Port Coquitlam,BC,J1G 4Y3,778 563 9039,james36@example.org
138,Nancy,Adams,917,Madeline Shoal,New Westminster,BC,N9C 2M2,236 363 8970,linmichele@example.com
139,Angela,Clements,1173,Smith Crossing,Langley,BC,J6Y 1L4,778 113 6777,mark99@example.com
140,Sara,Walker,12131,Kyle Glens,Delta,BC,R2R 4G7,778 630 8935,christianperez@example.com
141,Stephanie,Scott,0146,Heather Branch,Burnaby,BC,Y5L 5Y8,236 631 1339,jeffrey36@example.org
142,Anthony,Phillips,33533,Stephanie Road,Burnaby,BC,C2T 9P1,778 976 4608,westmichael@example.com
143,Amanda,Rogers,4838,Hansen Walks,Maple Ridge,BC,C6G 9J8,604 465 9156,nielsenadam@example.org
144,Bobby,Rojas,72948,Hughes Underpass,Vancouver,BC,R8S 4R2,236 858 8056,katherineyang@example.net
145,Gregory,Stone,38975,Burns Crest,Abbotsford,BC,H4C 6M4,236 191 4175,ashleymartin@example.com
146,Valerie,Hunt,288,Kayla Mall,White Rock,BC,R1A 3M9,778 754 2768,dcampbell@example.com
147,Robin,Cruz,133,Porter Estate,Campbell River,BC,L4M 6G1,236 795 9927,tpayne@example.org
148,Katherine,Wright,96062,Gonzalez Squares,West Vancouver,BC,K5E 8G9,778 997 9632,yramirez@example.com
149,Linda,Barnes,031,Gordon Views,Richmond,BC,P5H 9V2,236 457 6426,catherinegutierrez@example.com
150,Tasha,Mitchell,77195,Stephanie Crossing,Abbotsford,BC,E5K 5R8,778 382 6067,gmartin@example.org
151,Amy,Bright,0147,Angela Flat,Richmond,BC,R3E 6V9,236 632 6624,feliciablack@example.net
152,Jose,Quinn,1804,Nguyen Course,Port Coquitlam,BC,Y3P 2E8,604 543 8455,karen47@example.com
153,Susan,Christensen,365,Melissa Forge,Kamloops,BC,A1M 3T4,778 395 2805,pgallagher@example.net
154,Frank,Johnson,212,Sarah Forges,Campbell River,BC,X8E 6K2,778 801 3410,swalters@example.com
155,Nicholas,Baker,5897,Jesse Track,Victoria,BC,C6X 6X3,604 635 5747,carolinecarr@example.com
156,Kristin,White,984,Castro Island,Chilliwack,BC,M1G 6H5,236 266 5974,ymahoney@example.net
157,Daniel,Burke,967,John Lakes,Victoria,BC,T4A 3S4,604 918 5828,smithcharles@example.org
158,Charlene,Villarreal,5763,Caitlin Landing,Vancouver,BC,R2S 6G7,604 322 5636,jnelson@example.net
159,Nicholas,Crawford,0303,Long Walks,Port Coquitlam,BC,B9G 8R2,604 154 9001,gcook@example.com
160,Rebecca,Smith,18865,White Parkways,Delta,BC,R3E 8T5,778 460 1010,pbrown@example.com
161,Christopher,Farmer,828,Johnson Freeway,Vancouver,BC,C5V 8C5,604 458 5641,alexis09@example.com
162,Brandon,Adams,407,Danielle Springs,Prince George,BC,K2M 2S6,236 781 3540,connie24@example.net
163,Anthony,Taylor,8201,Tran Crescent,Campbell River,BC,A6X 4K2,236 377 3337,tatedana@example.com
164,Cynthia,Combs,52234,Conner Centers,Campbell River,BC,A4V 8C7,604 542 2322,amorton@example.net
165,Morgan,Golden,0605,Jennifer Highway,Langley,BC,P9E 4C3,604 584 6810,andrew14@example.net
166,Juan,Gibson,43893,Perez Motorway,Coquitlam,BC,G2M 6S6,236 752 7328,ericcurtis@example.org
167,Carl,Huynh,48126,Morgan Lights,Kelowna,BC,Y3K 8N4,604 367 5948,melissabarber@example.net
168,Robert,Mason,6069,Nguyen Lodge,Kamloops,BC,T2B 6J8,604 677 8140,grivera@example.org
169,Tammy,Sanchez,449,Jensen Avenue,Maple Ridge,BC,Y8M 9N5,778 923 3280,caitlin02@example.org
170,Brian,Velasquez,1465,Desiree Spring,Maple Ridge,BC,Y2S 2A9,604 356 3223,seanconley@example.org
171,Anthony,Jones,981,Thomas Centers,Kelowna,BC,E8B 1M9,604 408 5997,joshua44@example.com
172,Meredith,Hall,256,Anderson Views,Surrey,BC,N1C 5C6,236 743 8555,richardvillanueva@example.net
173,Danielle,Anderson,5514,Thompson Wells,Nanaimo,BC,A9A 9Y9,778 901 8158,tmay@example.net
174,Kristin,Parker,7222,Nguyen Meadow,Surrey,BC,C6L 5K9,236 552 6132,bowenjennifer@example.com
175,James,Ford,199,Joel Mountains,Nanaimo,BC,K1C 3E6,236 829 6858,kimberlyterrell@example.com
176,Michele,Carpenter,58515,Connie Ports,Victoria,BC,B5A 7V8,778 577 7889,jeremyellis@example.net
177,Lisa,Mayer,811,Cole Summit,Campbell River,BC,T6R 6B6,778 128 1432,cmcknight@example.com
178,Douglas,Walker,7696,Espinoza Curve,Campbell River,BC,L1R 8R1,778 190 3303,amyharrison@example.com
179,Mary,Clark,57121,Phelps Streets,Chilliwack,BC,H9R 3R8,778 905 4975,josephmills@example.org
180,Desiree,Baker,8544,Colon Roads,Kamloops,BC,X9X 4N3,778 230 9900,hansonemily@example.net
181,Jerome,Gross,4217,Forbes Hills,West Vancouver,BC,S1L 5P5,778 154 7433,bjackson@example.com
182,Gail,Todd,416,Christopher Stream,Burnaby,BC,M1E 1V1,236 106 8582,jefferywillis@example.com
183,Tiffany,Andrade,2120,Lara Spring,Port Coquitlam,BC,A1P 9X6,236 571 1890,awatkins@example.org
184,Jennifer,Estrada,70888,Scott Divide,Surrey,BC,G6B 4V1,778 949 2753,jpitts@example.org
185,Nicholas,George,7349,Wu Pike,Delta,BC,B1C 1N9,604 941 5760,kristina54@example.net
186,Carlos,Carter,5167,Susan Divide,Kamloops,BC,C7N 2G8,236 439 1997,palmerthomas@example.net
187,Brenda,Wagner,720,Kelsey Glens,Burnaby,BC,L4T 4C3,236 790 9369,angela96@example.org
188,Jon,Keith,00436,Tiffany Row,New Westminster,BC,E4N 1K6,604 818 4359,wallsvictor@example.com
189,Frederick,Campbell,6610,Austin Spur,Nanaimo,BC,P7X 2C9,236 858 9115,jenniferberry@example.net
190,Ryan,Lee,6145,Elizabeth Plaza,Burnaby,BC,Y6V 1Y4,236 755 3535,tturner@example.org
191,Paul,Jones,1426,Tamara Pine,Delta,BC,G6M 3C2,778 836 1105,christopherdelgado@example.net
192,Claudia,Tyler,87300,Williams Freeway,Port Coquitlam,BC,X8T 4P8,236 804 4288,vrichardson@example.net
193,Hannah,Mccoy,1089,Wood Bypass,Burnaby,BC,G1N 4L8,604 256 2983,tbaker@example.net
194,Christopher,Whitney,98455,Jennifer Dale,Nanaimo,BC,N3M 3L9,604 309 2697,whitney14@example.org
195,Patricia,Goodwin,325,Rice Meadows,Victoria,BC,K4J 1J6,236 554 7401,ogarcia@example.org
196,Daniel,Martinez,372,Heather Ways,Surrey,BC,V3B 2X4,604 407 7628,jessica22@example.org
197,Lisa,Jones,909,Elaine Causeway,Victoria,BC,J1K 2J4,604 939 4849,mccoycatherine@example.com
198,Lynn,Smith,82896,Amy Grove,Port Coquitlam,BC,J7N 3X9,236 366 8194,nicolewood@example.net
199,Ann,Cox,877,Mason Mount,West Vancouver,BC,Y3V 5B5,236 226 8083,kgreen@example.org
200,Diana,Donovan,648,Johnson Stream,Burnaby,BC,V1A 8G6,604 289 3321,tonya24@example.net
201,Brandi,Johnson,7689,Mallory Field,Port Coquitlam,BC,N9R 7P7,236 346 3797,nelsonkimberly@example.com
202,Amber,King,4536,Knight Ville,Nanaimo,BC,H4S 5J6,236 659 4282,qbrown@example.org
203,Charles,Wells,661,Torres Manors,Victoria,BC,P1X 9L6,778 396 2638,emartinez@example.org
204,Patrick,Davis,22359,Smith Keys,Campbell River,BC,P6H 1H5,778 476 5508,jason04@example.net
205,Willie,Joyce,618,Tyler Islands,Abbotsford,BC,N9T 3R7,236 919 2758,laurageorge@example.net
206,Alexander,Johnson,973,Jeffrey Knoll,Victoria,BC,T7T 8L5,778 251 1458,jamesfitzpatrick@example.net
207,Jasmine,Bryant,5501,Jamie Via,Langley,BC,K3C 8V5,604 677 7380,gdominguez@example.net
208,Tiffany,Kelly,402,Kline Views,Vancouver,BC,E6N 3X7,778 134 8282,rebeccaclark@example.org
209,Brandon,Park,577,Barnes Bypass,Vancouver,BC,M2G 2A9,778 242 8666,glong@example.org
210,Terry,Ross,401,Justin Mill,West Vancouver,BC,L2E 9Y3,778 383 1149,wmiller@example.net
211,Nicole,Hampton,94828,Steven Square,Campbell River,BC,L7J 4L6,778 612 9244,igross@example.net
212,Linda,Morales,354,Sanford Villages,Coquitlam,BC,M2N 5T8,236 637 7399,shanebentley@example.net
213,Spencer,Mclean,98071,John Manors,Nanaimo,BC,X2E 6G6,604 771 3480,sharon23@example.com
214,John,Vega,7041,Collier Junction,Abbotsford,BC,C5J 4R3,236 676 6558,michealwalton@example.org
215,Raymond,Anderson,775,Dunlap Stravenue,Victoria,BC,B3A 2M1,604 385 5963,hgarza@example.net
216,Matthew,Russell,19666,Armstrong View,White Rock,BC,V7Y 1J8,604 959 8925,kleinashley@example.net
217,Erin,Ferguson,207,Stacey Squares,Abbotsford,BC,X2C 4A7,778 720 3955,juanhunter@example.org
218,Christopher,Cook,264,Olson Well,Kamloops,BC,N3S 3J6,236 894 9608,diazdeborah@example.com
219,Jill,Lin,488,Karen Landing,Langley,BC,L3V 1M1,236 431 6703,amandahudson@example.org
220,Jeffrey,Yates,71424,Erica Shoals,Kamloops,BC,E3K 5T3,778 169 1736,margaret96@example.net
221,Kayla,Stewart,85375,Gregory Drive,Vancouver,BC,V6G 9C1,236 262 4796,patrick22@example.org
222,Joseph,Pearson,21337,Brian Plain,Surrey,BC,A3S 4L9,604 611 8805,mark07@example.net
223,Brenda,Thompson,08224,Maldonado Stravenue,Delta,BC,K2B 1R9,604 890 4876,louis70@example.com
224,David,Lopez,0641,Larsen Crossing,Burnaby,BC,H2H 4M3,604 845 7292,bryan02@example.org
225,Harold,Humphrey,13992,House Villages,Prince George,BC,M4H 6V1,778 165 2014,derrickreeves@example.net
226,Christopher,Charles,19953,Tamara Alley,Chilliwack,BC,V3X 9M2,604 138 2194,sarah35@example.org
227,Jennifer,Montgomery,1997,Todd Garden,Kelowna,BC,E6E 5E4,778 721 1482,cervanteshannah@example.org
228,Christian,Carter,48820,Baker Keys,White Rock,BC,G9A 4A3,778 210 8364,xlee@example.com
229,Dustin,Norris,397,Nathaniel Route,Abbotsford,BC,B6N 7R8,236 687 4272,beardronald@example.org
230,Patricia,Thomas,440,Jeremy Keys,Richmond,BC,G4N 3J5,778 548 5687,dshaffer@example.net
231,James,Foster,8878,Carey Ports,Coquitlam,BC,B9G 6G5,236 265 8111,adamsdonald@example.org
232,Roy,Price,450,Luis Meadows,Port Coquitlam,BC,H5N 9Y2,604 188 1397,russellkelly@example.net
233,Kaitlyn,Daniels,781,Mccullough Camp,Chilliwack,BC,S2M 8T3,236 198 4334,jacksonanna@example.org
234,Lee,Sanchez,5338,Meyers Brooks,Vancouver,BC,S9T 4X4,604 105 6891,williamsjennifer@example.org
235,Wesley,Watts,56459,Tina Green,Prince George,BC,B6N 7Y6,236 659 2179,christian74@example.net
236,John,Obrien,0444,Kari Brook,Delta,BC,L5N 2P3,236 847 9653,charlesgarcia@example.com
237,Pamela,Hudson,9442,Mary Freeway,Victoria,BC,N5X 3T8,604 684 8761,afigueroa@example.com
238,Christina,Flores,509,Compton Place,Nanaimo,BC,M4C 9S9,778 733 3258,williamhull@example.org
239,Whitney,Hays,925,Frank Crest,Port Coquitlam,BC,R2H 2K7,778 537 7162,xwood@example.com
240,Jeffrey,Fuller,00433,Carpenter Well,West Vancouver,BC,C5P 1R8,236 180 3083,mary56@example.net
241,Justin,Davis,7359,Hannah Fields,Prince George,BC,G8P 5V2,778 203 2932,bmartinez@example.com
242,Robert,Long,7640,Lewis Lights,Victoria,BC,N2X 8R2,604 715 9856,brownashley@example.com
243,Steve,Price,92496,Jeremy Haven,Delta,BC,S6H 2X6,604 941 5749,hlopez@example.org
244,Yvette,George,7741,Doyle Fork,White Rock,BC,S1B 8E9,778 499 6863,xwoods@example.net
245,Brandon,Lewis,503,Galvan Villages,Surrey,BC,S9P 1M7,604 394 2225,dixonlarry@example.com
246,Angela,Castaneda,0857,Torres Union,Nanaimo,BC,J3R 5J3,604 973 9482,jsullivan@example.com
247,Corey,Howell,217,Robert Summit,White Rock,BC,S4S 1T7,236 419 7540,huynhrebecca@example.com
248,Erin,Todd,365,Jenkins Green,Chilliwack,BC,S8S 2P7,236 814 2816,anthony22@example.com
249,Daniel,Reeves,234,Olsen Junction,Kamloops,BC,H2L 8L7,778 768 1491,amanda26@example.org
250,Kevin,Fox,09957,Tamara Gardens,Vancouver,BC,X1A 4V4,778 367 4285,bellkathryn@example.com
251,Albert,Lee,08519,Amy Lights,Delta,BC,R5R 9H6,604 242 4346,ffigueroa@example.org
252,Brad,Lee,975,Lewis Square,Nanaimo,BC,L5B 2M7,236 437 2021,fostercynthia@example.net
253,Connor,Marsh,3548,Lee Manor,Coquitlam,BC,A1M 9X9,604 924 1579,edwardsdenise@example.com
254,Wendy,Frazier,758,Casey Vista,Delta,BC,H9M 8K2,604 526 2320,amandageorge@example.org
255,Stephen,Barker,4445,Matthew Street,West Vancouver,BC,J6B 3E7,778 232 5432,mirandaisabel@example.net
256,Sean,Holmes,5663,Lewis Knolls,New Westminster,BC,G7X 4C8,604 136 9136,fperez@example.com
257,John,Webster,85683,Duncan Roads,Nanaimo,BC,T2B 6B1,236 458 8069,josephwilson@example.com
258,Eric,Thompson,562,Melissa Greens,Victoria,BC,K2P 3T1,604 121 1906,tony92@example.org
259,Jeffrey,Nichols,68289,Miranda Turnpike,Vancouver,BC,B6G 7L5,604 647 7215,nicole31@example.net
260,Megan,Ruiz,907,Alexis Spring,Maple Ridge,BC,B8Y 5S5,236 118 8899,dawnmorris@example.net
261,Kayla,Ramirez,716,Shelby Lake,Surrey,BC,J1K 7R2,778 812 3051,christensenemily@example.org
262,Gina,Lewis,30367,Ronald Haven,Kelowna,BC,K2B 7Y1,778 662 3257,matthewclark@example.net
263,Joseph,Anderson,2895,Joshua Highway,Burnaby,BC,E9C 9S4,604 730 7024,charlesbrown@example.com
264,Kristine,Schultz,8587,James Unions,Abbotsford,BC,R7R 7V9,778 547 1949,christinabrown@example.org
265,Jodi,Clark,38774,Sweeney Grove,Coquitlam,BC,X9N 9A3,604 702 1164,emily04@example.com
266,Rachel,Avila,4283,Schultz Plains,Coquitlam,BC,L1H 5E4,236 870 9785,baileyjuan@example.com
267,Meagan,Garza,489,Adam Crest,Kamloops,BC,B8Y 6A4,604 994 5094,donnaacosta@example.net
268,Monica,Miranda,6004,Timothy Ramp,Port Coquitlam,BC,S9N 5M4,604 158 3076,kimberlypalmer@example.org
269,Robin,Richardson,3471,Simpson Canyon,Kelowna,BC,T6Y 5B5,778 144 6146,kristin92@example.com
270,Xavier,Blackburn,148,Angela Green,Delta,BC,H4E 2X1,236 350 5790,adriana76@example.net
271,Ricardo,Guzman,6184,Patrick Street,Burnaby,BC,C8L 9E8,778 590 3005,tammie10@example.com
272,Richard,Lee,62463,Henry Trafficway,Maple Ridge,BC,V6Y 4S6,604 356 9907,aarnold@example.com
273,Steve,Lewis,32112,Morris Meadow,Coquitlam,BC,P9L 5V5,236 852 6848,gardnermichael@example.net
274,Brooke,Hunt,276,Kristine Well,West Vancouver,BC,X8G 2K1,604 554 5959,brittany02@example.org
275,Jeremiah,Lawson,47327,David Field,White Rock,BC,N2Y 7E3,236 399 5001,ashley97@example.org
276,Wesley,Jones,7771,Harris Spurs,Nanaimo,BC,J7X 3B8,778 426 9870,hgilmore@example.org
277,April,Berry,283,Mejia Station,Nanaimo,BC,B1G 9S4,604 454 7731,dorothy89@example.com
278,Julian,Bowman,4085,Moore Alley,New Westminster,BC,P9L 8H7,236 597 5583,bsantiago@example.com
279,Leslie,Brady,6881,Montes Rue,Surrey,BC,G4M 4C8,604 961 9535,jacobthompson@example.com
280,Donna,Franco,194,Mitchell Ports,Coquitlam,BC,G5A 3X8,236 666 4453,michaelperkins@example.net
281,Stephanie,Davis,8644,Anne Meadows,Burnaby,BC,H3A 9N8,236 935 3325,johnsonbailey@example.com
282,Eric,Mitchell,2122,Sullivan Glen,Vancouver,BC,K3T 3S1,604 815 8213,wbarnes@example.com
283,Michael,Perry,670,Scott Causeway,Chilliwack,BC,B6C 6B8,778 216 1348,jesus88@example.net
284,David,Cooper,784,Stephen Cove,Victoria,BC,C7Y 2P2,604 376 5554,iwilkinson@example.org
285,Walter,Freeman,8158,Allison Meadow,Kamloops,BC,K9J 5T1,778 947 2384,xjones@example.com
286,Christian,Hodge,10004,Mann Cliff,Surrey,BC,B7S 9N6,236 493 9115,patrickjames@example.com
287,Sandra,Oneal,1463,Brian Turnpike,Vancouver,BC,M8H 9J4,778 493 8274,bduke@example.org
288,Rachel,Rodriguez,7012,Jennings Summit,Vancouver,BC,S7H 7G3,604 488 4021,paulwilliams@example.org
289,Victoria,Hall,14876,Anthony Squares,Maple Ridge,BC,G2X 9E1,236 153 5999,davidmyers@example.net
290,Amy,Lee,135,Emily Gateway,Vancouver,BC,M9T 9X3,778 126 6508,mark91@example.net
291,Abigail,Ferguson,339,Kristin Drive,White Rock,BC,G3Y 4X3,778 929 4547,fflores@example.org
292,Nicole,Kennedy,5440,Norris Oval,Prince George,BC,P5J 2H4,778 843 8111,ndowns@example.org
293,Lisa,Johnson,49914,Alexander Mountains,West Vancouver,BC,V9Y 7T8,236 853 1935,jodi60@example.org
294,Joshua,Parsons,4579,Taylor Wall,Port Coquitlam,BC,K8T 4J3,236 497 5709,ssweeney@example.net
295,Morgan,Harris,44497,Frank Estate,West Vancouver,BC,N4C 7M3,236 574 7944,browncole@example.org
296,Vickie,Higgins,534,Dennis Oval,Kamloops,BC,X9P 8K1,236 887 9501,calvarado@example.org
297,Jamie,Hensley,8967,Ross Forges,Langley,BC,R7G 2L1,778 578 4903,jennifer99@example.net
298,John,Gardner,44794,Mark Union,Burnaby,BC,E1N 7L1,604 387 5495,sarahbarnes@example.org
299,Steven,Smith,1050,Vanessa Rapid,Surrey,BC,V4E 8P3,604 889 9893,murraywendy@example.com
300,Adam,Gilbert,479,Cox Forest,Langley,BC,E6P 2M7,236 504 1632,jason39@example.net
301,David,Nichols,7009,King Cove,Chilliwack,BC,Y8G 6Y8,778 375 5104,matthewsyolanda@example.net
302,Steve,Lopez,307,Steele Key,Prince George,BC,Y7S 6E9,236 112 3036,craig30@example.org
303,Jessica,Harvey,20646,Andrew Run,Delta,BC,V4H 7X2,236 428 5333,jennifer02@example.net
304,Jacqueline,Wolfe,96380,Ryan Throughway,Port Coquitlam,BC,Y2B 6K2,778 573 1282,geoffreyjordan@example.net
305,Krista,Miller,7292,Mcdonald Flat,Kelowna,BC,K2S 3X4,778 137 6877,nguyenjeffrey@example.com
306,Devon,Williams,18123,Timothy Pine,Victoria,BC,C2G 3H5,236 323 7694,juliechang@example.com
307,Michael,Anderson,01074,White Way,Surrey,BC,P2B 2B8,604 383 6145,morrisanthony@example.com
308,Courtney,Miller,150,Rodriguez Views,Campbell River,BC,N2B 3C9,778 284 5227,vwaters@example.org
309,Vanessa,White,0390,Sanchez Branch,Prince George,BC,E8M 2K2,778 365 9108,hilldaniel@example.org
310,Jonathan,Padilla,175,Brown Port,Burnaby,BC,Y9K 4M6,236 278 3406,velasqueztaylor@example.org
311,Susan,Mcgee,7990,White Forks,West Vancouver,BC,M1V 2N8,236 150 4812,michaelfisher@example.net
312,Nicholas,Randall,58588,Craig Landing,Burnaby,BC,T8V 1C8,604 288 9302,bward@example.com
313,Regina,Downs,1061,Justin Tunnel,West Vancouver,BC,K4A 6V4,236 424 1687,grice@example.org
314,Marc,Gallegos,8007,Wu Meadow,Kamloops,BC,B4X 5N8,604 162 5244,leonard74@example.net
315,Cory,Evans,3944,Mcgee Extension,Campbell River,BC,R4H 6S2,604 794 6789,kleinjeremy@example.org
316,Jacob,Sloan,415,Winters Ports,Nanaimo,BC,T8T 2V4,604 714 4845,amanda96@example.org
317,Samantha,Long,13113,Mason Cliff,Delta,BC,T4X 1H1,604 619 8271,jlynn@example.com
318,Angela,Williams,90625,Brenda Trail,Burnaby,BC,S1R 6R1,604 342 4343,bblack@example.org
319,Lisa,Figueroa,288,Gonzalez Route,Delta,BC,A5T 2A1,778 949 7815,yvonneshort@example.com
320,Tammy,Frank,77237,Juarez Bypass,Surrey,BC,N1K 2J3,778 996 5638,david86@example.com
321,Shane,Green,5023,John Mission,Burnaby,BC,L6V 7E6,778 721 6902,robinsonthomas@example.com
322,Tammy,Zimmerman,07488,Patricia Drive,Delta,BC,Y2G 3B1,778 767 7139,jenniferkramer@example.org
323,Renee,Roman,2076,Armstrong Station,Victoria,BC,N9T 7E8,778 736 1510,michaelroman@example.com
324,Melissa,Owens,5879,Lawrence Drive,Richmond,BC,E2P 1E9,604 397 3458,drakewilliam@example.org
325,Wendy,Rivera,1909,Heather Lodge,White Rock,BC,E6V 9S9,604 208 4464,foxwilliam@example.org
326,Linda,Flowers,61712,Peterson Centers,Port Coquitlam,BC,P4Y 2L8,236 832 9326,marymcclain@example.com
327,Stephanie,Mueller,44434,Isaac Path,Prince George,BC,N9C 8B8,236 452 4520,freemanmaria@example.com
328,Jessica,Wright,9038,Amber Trace,Abbotsford,BC,H8B 4A9,236 133 3458,smurphy@example.org
329,Sean,Garcia,69928,Wong Dale,Abbotsford,BC,T4S 5C9,236 180 2266,rwells@example.com
330,Bradley,Walker,98624,Gonzalez Crossing,Campbell River,BC,V3E 7Y6,604 678 9249,henrybryant@example.net
331,Albert,Moreno,6656,Weaver Bypass,Campbell River,BC,H4C 8B5,236 661 7849,tlee@example.com
332,Robert,Cherry,12498,Reynolds Hollow,Nanaimo,BC,N3P 2V4,604 967 9646,dominguezchristine@example.org
333,Brandi,Gray,90282,Hamilton Stream,Prince George,BC,H2A 2V4,236 583 9592,anthony33@example.com
334,Robert,Potter,494,Troy Ford,Nanaimo,BC,V5V 8L4,778 375 4195,susanrivera@example.org
335,Stephanie,Armstrong,5496,Alvarez Motorway,Port Coquitlam,BC,B3L 9C2,778 349 6385,fporter@example.org
336,Paul,Willis,4428,Brandi Forest,Coquitlam,BC,L1V 5B3,778 336 8468,tanya47@example.org
337,Frederick,Johnson,16808,Oscar Points,Delta,BC,L8G 8K7,604 809 4949,mponce@example.org
338,Shelby,Bradley,391,Haynes Junctions,Kelowna,BC,P5X 2X5,778 470 2305,joshuamckenzie@example.net
339,Robin,Townsend,88034,Hayes Squares,Abbotsford,BC,S4E 9S5,236 178 6935,eallen@example.org
340,Kathleen,Foster,0721,Johnson Crossroad,Maple Ridge,BC,R4C 5R1,236 335 8355,julian49@example.net
341,Teresa,Branch,017,Mccann View,Prince George,BC,B8A 6C6,604 683 3052,carterelizabeth@example.com
342,Shannon,Wilson,27701,Allen Wells,White Rock,BC,G3Y 2K3,604 895 7678,waynemartinez@example.org
343,Diana,Rubio,0074,Karen Lights,Maple Ridge,BC,Y3L 4J8,236 241 5264,uwilliams@example.net
344,Melissa,Flores,2944,Justin Orchard,Prince George,BC,G5H 8S3,778 421 2932,darlenerobinson@example.net
345,Joel,Chen,32227,Bennett Parks,Surrey,BC,X5J 2M8,778 617 3431,anthonyhess@example.net
346,Laurie,Dominguez,819,Keith Way,Kamloops,BC,L7E 4H6,236 891 4245,iwood@example.net
347,Heather,Perez,93974,Lisa View,West Vancouver,BC,K8S 9T6,778 115 3732,hillmichael@example.com
348,Kayla,Wheeler,4429,Morse Overpass,Burnaby,BC,S3Y 4J4,778 883 8698,amanda37@example.net
349,Michael,Hays,3785,Jesse Ranch,New Westminster,BC,C6E 4R2,604 990 1558,michellefisher@example.com
350,Sharon,Neal,675,Johnson Neck,Port Coquitlam,BC,V2C 9P4,604 806 3735,kristinaperez@example.com
351,Randall,Barton,550,Jamie Track,Campbell River,BC,E5B 2K2,604 627 9672,scottunderwood@example.org
352,Andrew,Stanley,220,Theresa Motorway,White Rock,BC,Y7H 1G7,778 462 3088,jsoto@example.net
353,Julie,Gutierrez,07099,Roman Plains,Kelowna,BC,K6X 7T9,236 347 5806,johnstoncolleen@example.com
354,Audrey,Nixon,02984,Alicia Field,Burnaby,BC,A8K 6G4,778 705 2765,christineprice@example.com
355,Melanie,Garner,20130,Hood Tunnel,Campbell River,BC,J7H 2K2,604 175 6815,rjames@example.org
356,Tina,Morgan,644,Robles Rapids,White Rock,BC,J8S 9P3,778 745 8368,drichards@example.net
357,Alexis,Campbell,32260,Margaret Parkways,New Westminster,BC,J5C 8J4,778 396 8816,ibarramargaret@example.com
358,Jason,Holmes,931,Cindy Branch,New Westminster,BC,L3H 4X7,236 287 9345,reynoldskathryn@example.org
359,Elizabeth,Howell,2893,Casey Vista,Surrey,BC,B2E 1P7,604 707 7060,yorkcarol@example.net
360,Kevin,Olson,42097,Bass Lodge,Maple Ridge,BC,K1E 5B6,778 488 6250,chaseacosta@example.net
361,Crystal,Taylor,65327,Jonathan Wall,Kelowna,BC,H8P 7A3,236 839 5576,jeremyanderson@example.com
362,Renee,Watson,444,Christopher Tunnel,White Rock,BC,J2S 7A2,604 337 5871,eespinoza@example.net
363,Krista,Dawson,07372,Mary Shoals,Victoria,BC,V5P 9Y4,604 677 9481,hclark@example.com
364,Madison,Garcia,89881,Douglas Islands,West Vancouver,BC,Y3X 4G4,236 620 7990,alyssa23@example.com
365,Tina,Thomas,34226,Jones Crossing,Langley,BC,L1G 6J7,778 426 3923,wbowers@example.com
366,Shannon,Smith,1251,Scott Hollow,Campbell River,BC,E5A 4Y9,604 933 4451,helenbradley@example.org
367,Janet,Graham,4668,Kathy Drive,Kelowna,BC,Y9V 6M2,778 688 6150,griffinnicole@example.net
368,Stephanie,Reeves,1247,Morse Plaza,Surrey,BC,T5R 7S3,778 269 2942,rrichardson@example.net
369,Tara,White,77469,Holder Plains,Langley,BC,N8M 7N4,778 549 4664,kenneth78@example.org
370,Billy,Rodriguez,6835,Tara Streets,West Vancouver,BC,K5V 3G1,778 365 2738,robert53@example.com
371,Eric,Rios,057,Nicholas Park,White Rock,BC,Y1J 3B1,236 385 3310,benjaminlee@example.org
372,Samantha,Tucker,001,Rhonda Ville,Surrey,BC,J9H 9K5,236 958 9334,foleycheryl@example.com
373,Matthew,Mcfarland,2718,Brent Flats,Prince George,BC,Y5P 9M1,604 712 1651,uprice@example.com
374,Joseph,Ponce,90651,Bailey Curve,Campbell River,BC,N4L 8V1,236 650 4197,frank14@example.org
375,Michael,Young,7870,Adam Pines,Vancouver,BC,L7P 4B6,604 478 4328,qross@example.org
376,Zachary,Pena,35433,Williams Lock,Langley,BC,A7J 1V3,236 536 8288,sotoantonio@example.org
377,Terry,Mccullough,8031,Davenport Row,Nanaimo,BC,S1A 5T7,778 402 2795,vjohnson@example.com
378,Brittany,Young,99493,Adams Station,New Westminster,BC,R1C 3P9,604 555 8082,jlynch@example.org
379,Robert,Thompson,5574,Christine Green,Victoria,BC,B7X 7B1,604 985 3241,robertbaker@example.net
380,Deanna,Mckinney,1693,John Way,Campbell River,BC,K5R 6J3,236 784 2908,adamsjeffrey@example.org
381,Joy,Hughes,4581,Turner Groves,Campbell River,BC,E9N 7H9,604 862 4644,murphysarah@example.org
382,Michael,Owens,079,Duncan Mill,New Westminster,BC,S2A 3Y6,778 260 9307,zfoley@example.org
383,Eric,Jensen,224,Jones Mountains,Delta,BC,S7V 6P1,778 745 9402,rowedonna@example.org
384,Meagan,Shelton,797,Turner Rue,Maple Ridge,BC,A7M 1Y2,604 823 6157,epeterson@example.org
385,Lance,Jenkins,6951,Meghan Cliff,West Vancouver,BC,G3X 7A2,604 543 2645,harold28@example.net
386,Kelly,Mitchell,785,Jason Pines,White Rock,BC,L5Y 5A7,236 425 4119,rebekahjennings@example.org
387,Lori,Mcgee,272,Sean Grove,Port Coquitlam,BC,E3G 1E6,236 957 1583,carlos36@example.net
388,Cynthia,House,3134,Coleman Mountain,White Rock,BC,X3H 2N4,236 108 5029,frank29@example.org
389,David,Jones,31154,Roth Prairie,Burnaby,BC,A9L 4Y2,778 993 4607,andreguerrero@example.com
390,Margaret,Aguilar,3284,Skinner Club,Maple Ridge,BC,J9Y 9T5,778 581 3481,chasekim@example.net
391,Rachael,Baker,764,Scott Avenue,Victoria,BC,H9B 9E8,604 851 9138,khanrobert@example.net
392,Julie,Stephens,92401,Nicholas Ville,Langley,BC,C1S 8Y4,604 750 2453,ruthgarcia@example.net
393,Steven,Richardson,077,Charles Village,Campbell River,BC,S1S 6P7,236 867 4509,nicole34@example.org
394,Brendan,Hernandez,716,Shawn Unions,Vancouver,BC,T6N 5K4,604 602 4416,halecrystal@example.com
395,Clifford,Jones,9814,Denise Crescent,New Westminster,BC,H1K 5B5,604 528 5310,ericperkins@example.com
396,Laura,Arnold,6166,Darren Landing,Chilliwack,BC,B1B 3C1,236 697 4845,jhall@example.net
397,Samuel,Morris,719,Galloway Isle,Chilliwack,BC,H5B 2J4,778 643 3950,eburnett@example.com
398,Paul,Crawford,372,Jackson Villages,West Vancouver,BC,R4J 2P3,604 996 5786,wolfecharles@example.org
399,Anthony,George,129,Tonya Via,Maple Ridge,BC,X4S 2E2,778 915 7425,leemark@example.net
400,Anthony,Marshall,109,Gabriel Spur,Kamloops,BC,N8K 6X7,236 592 5840,aimeeturner@example.org
401,Mark,Hill,8196,Thompson Fields,Surrey,BC,A4J 7T4,604 873 5706,rchan@example.com
402,Timothy,Mullins,81518,Shelia Turnpike,Kelowna,BC,V4Y 7K9,778 433 5053,robertroberts@example.net
403,Kevin,Baker,5753,Bryan Cape,Maple Ridge,BC,S8S 5Y3,604 280 8614,eflores@example.com
404,Alexandra,Estes,55291,Reed Tunnel,Campbell River,BC,L5L 1T2,236 216 6694,andrea66@example.net
405,Michelle,Campbell,272,Scott Vista,Maple Ridge,BC,X5J 1G3,236 231 8925,antonioboyd@example.net
406,Rebecca,Le,29439,Garcia Summit,Port Coquitlam,BC,B3E 4B5,778 715 7750,parkerdavid@example.net
407,Bridget,Brown,401,Serrano Views,Maple Ridge,BC,E4H 3X5,604 397 5389,loretta10@example.net
408,Jennifer,Tanner,702,Dean Cliffs,Nanaimo,BC,K9M 8T8,778 162 6295,ethomas@example.com
409,Julie,Price,307,David Trafficway,Langley,BC,Y3H 8C1,778 521 7412,sullivanwilliam@example.com
410,Stephanie,Long,87345,Cantu Field,Port Coquitlam,BC,X2T 2J2,778 508 5271,michaelchandler@example.org
411,Lawrence,Reyes,5644,David Estates,White Rock,BC,P4R 7C9,778 597 4587,jeffreyyoung@example.net
412,Jenny,Dean,46084,Vega Skyway,Delta,BC,M3B 5V9,604 415 8334,changdaniel@example.com
413,Claire,Jacobs,79084,Lucas Square,Kelowna,BC,V2T 6E3,236 996 3728,amorris@example.com
414,Cynthia,Rubio,1320,Brown Ways,Nanaimo,BC,K4H 7H3,236 212 6401,mayjennifer@example.net
415,Lindsay,Bryant,111,Anthony Forks,Burnaby,BC,R8C 2R8,236 120 1345,mbuchanan@example.com
416,Alice,James,6714,Ryan Plains,Port Coquitlam,BC,S1P 1V8,604 899 6460,sarahmayo@example.org
417,Yolanda,Taylor,21519,Preston Brook,White Rock,BC,G2T 7K8,236 164 1806,mariestuart@example.net
418,Edward,Roberson,67861,Porter Harbors,Nanaimo,BC,N6M 2Y3,778 648 4251,russelldavid@example.com
419,William,Alvarez,70144,Webb Squares,Campbell River,BC,X9G 2V3,236 505 4757,caitlin33@example.net
420,Tonya,Cohen,97936,Escobar Grove,Langley,BC,E2N 3C7,604 482 6431,vangbriana@example.org
421,Jennifer,Rose,77565,Catherine Union,Kelowna,BC,V4S 3T7,236 850 5074,wanda26@example.net
422,Robert,Cole,01423,Barrett Oval,White Rock,BC,K8M 2B7,604 965 1328,katrinawashington@example.com
423,Jordan,Rice,486,Danielle Lights,Prince George,BC,E1K 7C7,236 204 9216,cbuck@example.net
424,Eric,Miles,2945,James Stream,Abbotsford,BC,S2A 5B9,778 143 3571,moralescharles@example.com
425,Courtney,Glenn,503,Monroe Springs,Langley,BC,S8H 6K1,604 335 5051,wendy43@example.org
426,Stephanie,Cortez,27846,Justin Centers,Vancouver,BC,X6J 5T6,236 226 7190,dabbott@example.org
427,Jason,Smith,105,Torres Streets,Maple Ridge,BC,S2T 6M9,604 937 5423,usimpson@example.net
428,David,Swanson,874,Leslie Walk,West Vancouver,BC,A8T 7N5,604 175 9265,becky39@example.org
429,Cody,Peters,96424,Meredith Trafficway,New Westminster,BC,R6P 2M2,236 525 1330,owilliams@example.org
430,Jeanette,Hernandez,567,Robert Dale,Vancouver,BC,K8L 9E2,236 719 3487,alexandra08@example.net
431,Janet,Price,861,Russell Drive,Surrey,BC,C9K 8R6,236 911 7408,fhill@example.org
432,Rebecca,Klein,6704,Parker Mountains,Richmond,BC,Y2R 4M1,236 979 6114,benjamin08@example.com
433,Donald,Oconnor,355,Garcia Ferry,Prince George,BC,B2J 3C2,778 624 1383,matthewrios@example.com
434,Jermaine,Rogers,241,Michelle Mall,Delta,BC,H9B 6S7,778 307 2633,wcasey@example.org
435,Megan,Goodwin,28854,Chad Club,Langley,BC,G6A 1C3,236 690 8723,vrich@example.com
436,Monique,King,77141,Larry Knolls,Abbotsford,BC,X7Y 5V7,778 195 4641,drakemichelle@example.org
437,Jean,King,526,Matthew Wells,Campbell River,BC,X7P 5M2,236 385 8919,toddbriggs@example.net
438,Daniel,Anderson,14488,Bautista Mall,Langley,BC,X6B 6H5,236 646 9300,karina99@example.com
439,Mark,Stokes,65700,Jenkins Pine,Coquitlam,BC,M1J 9G2,604 608 7449,simmonsjennifer@example.net
440,Tammy,Thompson,395,Davis Light,Campbell River,BC,N1E 4A8,236 831 2774,courtney92@example.org
441,Lauren,Carney,698,Johnson Square,Victoria,BC,T2N 6T6,236 125 7510,paul39@example.net
442,Justin,Perry,9145,Dixon Landing,Prince George,BC,N1E 6Y1,778 478 8811,nicholas32@example.com
443,Mary,Franco,51031,Farrell Burg,Kamloops,BC,B1K 3K5,236 418 6446,ewebb@example.com
444,Elizabeth,Reese,870,Ayers Corners,Burnaby,BC,X1B 8C3,236 185 2562,lsimpson@example.com
445,Kayla,Rose,1570,Jonathan Haven,Kamloops,BC,T1C 4B6,604 985 9025,coconnell@example.com
446,Nicole,Perez,49437,Henry Circle,Kamloops,BC,J6R 4Y3,604 244 7605,ygriffith@example.net
447,Denise,Sexton,41152,Barnes Turnpike,Chilliwack,BC,R7P 5B4,778 635 4808,marilynjohnson@example.com
448,Bruce,Ramsey,651,Dixon Lights,Surrey,BC,T7G 4N4,778 358 7747,brownlindsay@example.org
449,Patricia,Moore,17715,Padilla Meadow,Delta,BC,K5E 3V2,778 954 3467,petersoncurtis@example.net
450,Laura,Carpenter,269,Robert Ports,Vancouver,BC,B6V 6J2,236 678 7660,claytonsalinas@example.net
451,Melissa,Ryan,863,Larson Courts,West Vancouver,BC,K6A 7V8,778 806 4427,larry77@example.org
452,Catherine,King,25638,Jones Burgs,Prince George,BC,E2G 5C5,778 658 9188,joannweaver@example.org
453,Larry,Randall,32741,Scott Glen,Delta,BC,G3P 3P8,236 341 6272,lesterisaac@example.net
454,Albert,Turner,14862,Romero Field,Victoria,BC,X4M 9N2,778 626 2334,kathrynstevenson@example.net
455,Ryan,Aguirre,0098,Jessica Plains,White Rock,BC,B3C 2V6,778 816 2269,pateljoseph@example.com
456,Sydney,Campbell,00543,Terri Skyway,Abbotsford,BC,G5H 3S4,604 265 9518,scottphillips@example.com
457,Kimberly,Schultz,0389,Kevin Manors,New Westminster,BC,N3H 6J4,604 302 8169,salvarez@example.org
458,Eric,Jenkins,1648,Allen Key,West Vancouver,BC,M7P 3M7,604 139 7949,morrisjeremy@example.com
459,Patricia,Bailey,599,Jessica Vista,Victoria,BC,K8L 5V5,236 922 9594,kristen85@example.org
460,Janet,Blake,11308,Dustin Villages,Victoria,BC,H2E 8S7,236 995 9963,michaeldavis@example.net
461,Stanley,Larsen,02983,Tonya Divide,Kelowna,BC,N2G 1X1,604 403 2926,wcampbell@example.net
462,Amy,Guerrero,710,Scott Highway,Kelowna,BC,L1K 1Y9,778 837 5441,vortiz@example.net
463,Stephanie,Jones,93622,Kaylee Ridges,Nanaimo,BC,R6L 5S5,236 480 3718,smcintosh@example.net
464,Rebecca,Thomas,4888,Williams Forest,Burnaby,BC,P7T 3C1,236 801 4349,klam@example.com
465,Catherine,Diaz,20996,Thomas Dale,Port Coquitlam,BC,B2V 3A1,236 480 9509,castanedajustin@example.com
466,Michael,Velez,222,Martinez Inlet,Chilliwack,BC,K9C 6V9,778 573 4450,qwagner@example.com
467,Jamie,Brown,3867,Gonzales Bridge,White Rock,BC,V7J 8T3,236 837 3217,harrisscott@example.org
468,Jenna,Andrews,946,Mckenzie Corners,Richmond,BC,J9N 3V3,236 949 8763,daniellenelson@example.net
469,Jodi,Mcconnell,340,Hernandez Divide,Vancouver,BC,K5R 2M5,778 283 3463,cnorton@example.net
470,Kelly,Hudson,418,Nicholas Throughway,Victoria,BC,Y1X 4X3,604 419 4074,gonzalespeter@example.com
471,Jenny,Cannon,75525,Caroline Circles,Richmond,BC,P6N 1G1,604 650 8513,brentjohnston@example.com
472,Sandra,Ponce,6027,Brown Flat,Delta,BC,G9E 4N7,604 739 8679,bernardmccarthy@example.net
473,David,Holloway,674,Susan Lights,Kamloops,BC,M9X 4X4,604 458 4703,jtaylor@example.net
474,Deborah,Randolph,5060,Klein Mountain,Delta,BC,Y1X 7X6,604 297 5498,mathisjesse@example.net
475,David,Hammond,96730,King Union,Langley,BC,J5Y 7R2,778 698 6009,villanuevajulie@example.net
476,Hannah,Garcia,7949,Thomas Islands,Abbotsford,BC,X3Y 4X2,778 360 9864,elove@example.org
477,Kelly,Garcia,185,Bradford Freeway,Chilliwack,BC,J2Y 7K8,604 179 3497,beverlyjohnson@example.com
478,Donald,Wilkins,7094,Jessica Knolls,Burnaby,BC,J5B 6V6,604 386 3921,sharonjohnson@example.org
479,James,Mendez,05708,Bonnie Curve,Langley,BC,S4K 1A8,604 229 9557,courtneyjones@example.net
480,Robert,Green,946,Dwayne Knoll,Kamloops,BC,Y4E 4H2,778 438 5542,mkrause@example.org
481,Amber,Salazar,56311,Stein Walks,Campbell River,BC,E1P 9J1,236 992 8756,brian76@example.org
482,Steven,Burns,28933,Jeffrey Landing,Coquitlam,BC,G2G 8J8,604 902 4798,frostgregory@example.org
483,Jessica,Ashley,6565,Guerra Neck,Campbell River,BC,G2C 7L4,604 922 3400,brian21@example.com
484,Jacob,Meadows,1141,Julie Loaf,Burnaby,BC,N3N 1X1,778 995 1004,katherine24@example.com
485,Michael,Bennett,465,Krista Alley,Delta,BC,J9X 4V3,604 240 9383,gavinmoss@example.org
486,Jennifer,Proctor,0989,Harris Hills,Port Coquitlam,BC,P1C 2V4,778 780 8728,vincent12@example.org
487,Nathaniel,Dorsey,2489,Michelle Wells,Delta,BC,E2J 7A2,236 878 2921,parkersherri@example.org
488,Dale,Lutz,26109,Ronald Crest,Coquitlam,BC,G5R 7V8,778 486 7316,mdixon@example.com
489,Ashley,Lee,3934,Michael Mills,New Westminster,BC,A8Y 5N8,778 419 9552,henrydaniel@example.com
490,Robert,Boyd,643,Edward Greens,Delta,BC,R9K 2E6,604 719 4504,nsmith@example.org
491,Jacqueline,Brewer,63430,Ryan Brook,Campbell River,BC,X1G 2L6,236 953 5550,chadwang@example.net
492,Daniel,Jones,973,Heather Falls,New Westminster,BC,V3E 6N9,778 673 8235,osaunders@example.net
493,Bruce,Garcia,9728,Sierra Trail,Victoria,BC,Y8L 4B5,778 801 2970,christophersmith@example.net
494,Ana,Burton,346,Zimmerman Junction,Kamloops,BC,B5C 3N3,778 767 6704,uwilliams@example.com
495,Nicholas,Gibson,200,Neal Mall,Richmond,BC,Y4S 6L4,778 975 8636,anthonyryan@example.com
496,Robert,Horton,94411,Walker Alley,Prince George,BC,G8V 4B7,778 845 7948,awhite@example.net
497,Linda,Tanner,2447,Marcia Prairie,Coquitlam,BC,V1L 8P2,236 997 4129,lthomas@example.org
498,Patricia,Kelly,5557,Randolph Lodge,Abbotsford,BC,E1H 6A7,604 865 1174,gina53@example.org
499,Kara,King,4393,Moore Shore,Richmond,BC,A4V 4P6,778 638 4193,justinlee@example.com
500,John,Winters,32890,Julia Circles,Vancouver,BC,R9J 2V2,778 436 2541,lboyd@example.org
